Start,Finish,Weight (kg)
26-Sep-2015 05:42,26-Sep-2015 05:42,164.0
28-Sep-2015 07:55,28-Sep-2015 07:55,164.0
29-Sep-2015 05:56,29-Sep-2015 05:56,161.0
29-Sep-2015 17:31,29-Sep-2015 17:31,161.0
30-Sep-2015 06:56,30-Sep-2015 06:56,154.0
05-Oct-2015 04:51,05-Oct-2015 04:51,169.0
13-Oct-2015 05:29,13-Oct-2015 05:29,169.0
14-Oct-2015 06:23,14-Oct-2015 06:23,168.0
15-Oct-2015 05:29,15-Oct-2015 05:29,165.0
16-Oct-2015 05:22,16-Oct-2015 05:22,166.0
18-Oct-2015 06:28,18-Oct-2015 06:28,166.0
19-Oct-2015 05:10,19-Oct-2015 05:10,164.0
20-Oct-2015 05:10,20-Oct-2015 05:10,164.0
21-Oct-2015 05:21,21-Oct-2015 05:21,166.0
22-Oct-2015 05:05,22-Oct-2015 05:05,166.0
23-Oct-2015 04:52,23-Oct-2015 04:52,163.0
24-Oct-2015 06:03,24-Oct-2015 06:03,164.0
26-Oct-2015 05:40,26-Oct-2015 05:40,162.0
27-Oct-2015 05:14,27-Oct-2015 05:14,161.0
28-Oct-2015 05:23,28-Oct-2015 05:23,160.0
29-Oct-2015 05:04,29-Oct-2015 05:04,161.0
30-Oct-2015 05:23,30-Oct-2015 05:23,158.0
30-Oct-2015 18:08,30-Oct-2015 18:08,152.0
31-Oct-2015 08:34,31-Oct-2015 08:34,162.0
01-Nov-2015 06:37,01-Nov-2015 06:37,165.0
02-Nov-2015 04:52,02-Nov-2015 04:52,167.0
03-Nov-2015 06:13,03-Nov-2015 06:13,168.0
05-Nov-2015 05:43,05-Nov-2015 05:43,168.0
06-Nov-2015 05:15,06-Nov-2015 05:15,168.0
10-Nov-2015 07:10,10-Nov-2015 07:10,169.0
12-Nov-2015 05:20,12-Nov-2015 05:20,169.0
17-Nov-2015 05:10,17-Nov-2015 05:10,169.0
28-Nov-2015 07:53,28-Nov-2015 07:53,168.0
29-Nov-2015 05:59,29-Nov-2015 05:59,168.0
30-Nov-2015 05:56,30-Nov-2015 05:56,168.0
01-Dec-2015 04:57,01-Dec-2015 04:57,171.0
02-Dec-2015 06:29,02-Dec-2015 06:29,168.0
03-Dec-2015 09:54,03-Dec-2015 09:54,168.0
04-Dec-2015 06:02,04-Dec-2015 06:02,167.0
05-Dec-2015 05:03,05-Dec-2015 05:03,166.0
06-Dec-2015 05:05,06-Dec-2015 05:05,166.0
07-Dec-2015 05:08,07-Dec-2015 05:08,167.0
08-Dec-2015 05:03,08-Dec-2015 05:03,164.0
09-Dec-2015 05:24,09-Dec-2015 05:24,164.0
10-Dec-2015 05:33,10-Dec-2015 05:33,162.0
11-Dec-2015 05:21,11-Dec-2015 05:21,162.0
12-Dec-2015 05:48,12-Dec-2015 05:48,164.0
13-Dec-2015 06:14,13-Dec-2015 06:14,164.0
14-Dec-2015 05:22,14-Dec-2015 05:22,161.0
15-Dec-2015 05:24,15-Dec-2015 05:24,159.0
16-Dec-2015 06:04,16-Dec-2015 06:04,159.0
18-Dec-2015 07:38,18-Dec-2015 07:38,158.0
19-Dec-2015 07:19,19-Dec-2015 07:19,156.0
20-Dec-2015 07:45,20-Dec-2015 07:45,154.0
21-Dec-2015 08:04,21-Dec-2015 08:04,149.0
22-Dec-2015 10:00,22-Dec-2015 10:00,163.0
23-Dec-2015 05:45,23-Dec-2015 05:45,161.0
25-Dec-2015 04:55,25-Dec-2015 04:55,163.0
26-Dec-2015 04:53,26-Dec-2015 04:53,163.0
29-Dec-2015 04:51,29-Dec-2015 04:51,164.0
30-Dec-2015 04:50,30-Dec-2015 04:50,166.0
31-Dec-2015 04:46,31-Dec-2015 04:46,165.0
04-Jan-2016 04:50,04-Jan-2016 04:50,170.0
05-Jan-2016 04:54,05-Jan-2016 04:54,167.0
06-Jan-2016 17:20,06-Jan-2016 17:20,167.0
07-Jan-2016 05:46,07-Jan-2016 05:46,167.0
08-Jan-2016 04:51,08-Jan-2016 04:51,166.0
09-Jan-2016 04:51,09-Jan-2016 04:51,166.0
10-Jan-2016 04:54,10-Jan-2016 04:54,165.0
11-Jan-2016 05:22,11-Jan-2016 05:22,164.0
12-Jan-2016 04:49,12-Jan-2016 04:49,163.0
13-Jan-2016 04:49,13-Jan-2016 04:49,164.0
14-Jan-2016 05:08,14-Jan-2016 05:08,161.0
15-Jan-2016 04:43,15-Jan-2016 04:43,164.0
17-Jan-2016 07:34,17-Jan-2016 07:34,165.0
19-Jan-2016 04:39,19-Jan-2016 04:39,166.0
20-Jan-2016 04:39,20-Jan-2016 04:39,161.0
23-Jan-2016 06:15,23-Jan-2016 06:15,160.0
24-Jan-2016 05:07,24-Jan-2016 05:07,161.0
25-Jan-2016 05:04,25-Jan-2016 05:04,163.0
26-Jan-2016 05:03,26-Jan-2016 05:03,159.0
27-Jan-2016 05:23,27-Jan-2016 05:23,160.0
28-Jan-2016 05:28,28-Jan-2016 05:28,159.0
31-Jan-2016 04:50,31-Jan-2016 04:50,163.0
01-Feb-2016 04:49,01-Feb-2016 04:49,164.0
02-Feb-2016 04:50,02-Feb-2016 04:50,164.0
03-Feb-2016 04:49,03-Feb-2016 04:49,163.0
05-Feb-2016 05:02,05-Feb-2016 05:02,161.0
08-Feb-2016 06:03,08-Feb-2016 06:03,168.0
14-Feb-2016 06:29,14-Feb-2016 06:29,165.0
15-Feb-2016 05:29,15-Feb-2016 05:29,167.0
16-Feb-2016 05:16,16-Feb-2016 05:16,166.0
18-Feb-2016 04:42,18-Feb-2016 04:42,163.0
19-Feb-2016 05:05,19-Feb-2016 05:05,163.0
20-Feb-2016 04:57,20-Feb-2016 04:57,163.0
21-Feb-2016 07:45,21-Feb-2016 07:45,167.0
22-Feb-2016 04:53,22-Feb-2016 04:53,167.0
23-Feb-2016 04:54,23-Feb-2016 04:54,166.0
24-Feb-2016 04:57,24-Feb-2016 04:57,166.0
25-Feb-2016 05:23,25-Feb-2016 05:23,164.0
26-Feb-2016 06:13,26-Feb-2016 06:13,165.0
27-Feb-2016 04:49,27-Feb-2016 04:49,164.0
28-Feb-2016 04:48,28-Feb-2016 04:48,167.0
29-Feb-2016 05:08,29-Feb-2016 05:08,163.0
01-Mar-2016 05:00,01-Mar-2016 05:00,162.0
02-Mar-2016 05:04,02-Mar-2016 05:04,165.0
03-Mar-2016 05:21,03-Mar-2016 05:21,163.0
04-Mar-2016 05:08,04-Mar-2016 05:08,162.0
06-Mar-2016 04:49,06-Mar-2016 04:49,162.0
07-Mar-2016 05:03,07-Mar-2016 05:03,162.0
08-Mar-2016 05:08,08-Mar-2016 05:08,161.0
09-Mar-2016 05:13,09-Mar-2016 05:13,161.0
11-Mar-2016 05:13,11-Mar-2016 05:13,162.0
12-Mar-2016 04:23,12-Mar-2016 04:23,161.0
13-Mar-2016 07:35,13-Mar-2016 07:35,159.0
14-Mar-2016 05:16,14-Mar-2016 05:16,159.0
15-Mar-2016 05:14,15-Mar-2016 05:14,158.0
16-Mar-2016 04:56,16-Mar-2016 04:56,155.0
17-Mar-2016 04:54,17-Mar-2016 04:54,154.0
18-Mar-2016 06:12,18-Mar-2016 06:12,149.0
20-Mar-2016 10:58,20-Mar-2016 10:58,161.0
21-Mar-2016 05:24,21-Mar-2016 05:24,163.0
03-Apr-2016 06:57,03-Apr-2016 06:57,165.0
04-Apr-2016 07:42,04-Apr-2016 07:42,162.0
05-Apr-2016 05:08,05-Apr-2016 05:08,165.0
08-Apr-2016 05:54,08-Apr-2016 05:54,161.0
09-Apr-2016 06:57,09-Apr-2016 06:57,160.0
10-Apr-2016 04:49,10-Apr-2016 04:49,163.0
11-Apr-2016 06:19,11-Apr-2016 06:19,161.0
12-Apr-2016 07:36,12-Apr-2016 07:36,161.0
13-Apr-2016 06:31,13-Apr-2016 06:31,162.0
18-Apr-2016 04:46,18-Apr-2016 04:46,165.0
19-Apr-2016 05:21,19-Apr-2016 05:21,163.0
20-Apr-2016 06:46,20-Apr-2016 06:46,162.0
21-Apr-2016 05:04,21-Apr-2016 05:04,162.0
22-Apr-2016 06:19,22-Apr-2016 06:19,160.0
23-Apr-2016 06:47,23-Apr-2016 06:47,160.0
24-Apr-2016 07:52,24-Apr-2016 07:52,159.0
27-Apr-2016 06:44,27-Apr-2016 06:44,159.0
28-Apr-2016 05:15,28-Apr-2016 05:15,158.0
29-Apr-2016 05:16,29-Apr-2016 05:16,157.0
30-Apr-2016 06:29,30-Apr-2016 06:29,157.0
01-May-2016 08:08,01-May-2016 08:08,159.0
02-May-2016 05:26,02-May-2016 05:26,156.0
03-May-2016 05:26,03-May-2016 05:26,156.0
04-May-2016 05:23,04-May-2016 05:23,154.0
05-May-2016 06:17,05-May-2016 06:17,152.0
06-May-2016 06:17,06-May-2016 06:17,147.0
09-May-2016 06:18,09-May-2016 06:18,160.0
10-May-2016 08:24,10-May-2016 08:24,161.0
16-May-2016 07:07,16-May-2016 07:07,166.0
17-May-2016 06:41,17-May-2016 06:41,166.0
18-May-2016 05:23,18-May-2016 05:23,166.0
19-May-2016 06:45,19-May-2016 06:45,164.0
20-May-2016 05:56,20-May-2016 05:56,164.0
21-May-2016 06:51,21-May-2016 06:51,163.0
22-May-2016 07:02,22-May-2016 07:02,162.0
23-May-2016 06:20,23-May-2016 06:20,162.0
24-May-2016 11:08,24-May-2016 11:08,160.0
26-May-2016 05:25,26-May-2016 05:25,160.0
27-May-2016 05:09,27-May-2016 05:09,159.0
01-Jun-2016 06:37,01-Jun-2016 06:37,160.0
02-Jun-2016 18:16,02-Jun-2016 18:16,162.0
03-Jun-2016 18:17,03-Jun-2016 18:17,164.0
06-Jun-2016 04:52,06-Jun-2016 04:52,160.0
07-Jun-2016 05:12,07-Jun-2016 05:12,160.0
08-Jun-2016 05:07,08-Jun-2016 05:07,159.0
09-Jun-2016 05:24,09-Jun-2016 05:24,159.0
10-Jun-2016 05:20,10-Jun-2016 05:20,160.0
14-Jun-2016 05:17,14-Jun-2016 05:17,164.0
15-Jun-2016 05:31,15-Jun-2016 05:31,164.0
17-Jun-2016 04:52,17-Jun-2016 04:52,162.0
18-Jun-2016 14:05,18-Jun-2016 14:05,162.0
19-Jun-2016 06:05,19-Jun-2016 06:05,164.0
20-Jun-2016 05:27,20-Jun-2016 05:27,163.0
22-Jun-2016 06:09,22-Jun-2016 06:09,161.0
23-Jun-2016 05:29,23-Jun-2016 05:29,162.0
24-Jun-2016 03:54,24-Jun-2016 03:54,164.0
25-Jun-2016 10:44,25-Jun-2016 10:44,166.0
28-Jun-2016 04:38,28-Jun-2016 04:38,164.0
30-Jun-2016 05:23,30-Jun-2016 05:23,164.0
01-Jul-2016 04:40,01-Jul-2016 04:40,162.0
02-Jul-2016 06:52,02-Jul-2016 06:52,166.0
03-Jul-2016 05:52,03-Jul-2016 05:52,166.0
05-Jul-2016 05:53,05-Jul-2016 05:53,166.0
06-Jul-2016 06:22,06-Jul-2016 06:22,166.0
07-Jul-2016 09:35,07-Jul-2016 09:35,168.0
11-Jul-2016 04:56,11-Jul-2016 04:56,166.0
14-Jul-2016 02:36,14-Jul-2016 02:36,164.0
16-Jul-2016 04:44,16-Jul-2016 04:44,167.0
25-Jul-2016 07:01,25-Jul-2016 07:01,164.0
01-Aug-2016 05:23,01-Aug-2016 05:23,172.0
02-Aug-2016 06:46,02-Aug-2016 06:46,170.0
03-Aug-2016 06:20,03-Aug-2016 06:20,169.0
05-Aug-2016 06:26,05-Aug-2016 06:26,170.0
06-Aug-2016 05:49,06-Aug-2016 05:49,169.0
07-Aug-2016 07:39,07-Aug-2016 07:39,169.0
08-Aug-2016 05:46,08-Aug-2016 05:46,172.0
09-Aug-2016 06:36,09-Aug-2016 06:36,170.0
10-Aug-2016 07:50,10-Aug-2016 07:50,170.0
11-Aug-2016 05:49,11-Aug-2016 05:49,170.0
12-Aug-2016 05:34,12-Aug-2016 05:34,171.0
15-Aug-2016 05:53,15-Aug-2016 05:53,171.0
17-Aug-2016 07:21,17-Aug-2016 07:21,169.0
18-Aug-2016 07:53,18-Aug-2016 07:53,168.0
19-Aug-2016 06:06,19-Aug-2016 06:06,171.0
28-Aug-2016 05:52,28-Aug-2016 05:52,172.0
30-Aug-2016 05:39,30-Aug-2016 05:39,171.0
04-Sep-2016 05:45,04-Sep-2016 05:45,169.0
07-Sep-2016 05:37,07-Sep-2016 05:37,174.0
12-Sep-2016 05:39,12-Sep-2016 05:39,172.0
14-Sep-2016 07:33,14-Sep-2016 07:33,168.0
16-Sep-2016 05:42,16-Sep-2016 05:42,173.0
19-Sep-2016 05:38,19-Sep-2016 05:38,173.0
20-Sep-2016 05:59,20-Sep-2016 05:59,172.0
21-Sep-2016 08:02,21-Sep-2016 08:02,170.0
23-Sep-2016 06:57,23-Sep-2016 06:57,169.0
25-Sep-2016 07:16,25-Sep-2016 07:16,172.0
26-Sep-2016 06:06,26-Sep-2016 06:06,172.0
27-Sep-2016 06:35,27-Sep-2016 06:35,172.0
28-Sep-2016 06:09,28-Sep-2016 06:09,171.0
29-Sep-2016 06:15,29-Sep-2016 06:15,171.0
01-Oct-2016 07:38,01-Oct-2016 07:38,170.0
03-Oct-2016 05:35,03-Oct-2016 05:35,172.0
04-Oct-2016 06:33,04-Oct-2016 06:33,171.0
05-Oct-2016 05:46,05-Oct-2016 05:46,171.0
07-Oct-2016 05:58,07-Oct-2016 05:58,173.0
24-Oct-2016 05:40,24-Oct-2016 05:40,172.0
31-Oct-2016 05:38,31-Oct-2016 05:38,174.0
06-Nov-2016 04:48,06-Nov-2016 04:48,175.0
11-Nov-2016 06:09,11-Nov-2016 06:09,175.0
14-Nov-2016 05:50,14-Nov-2016 05:50,175.0
16-Nov-2016 04:51,16-Nov-2016 04:51,175.0
28-Nov-2016 18:15,28-Nov-2016 18:15,176.0
30-Nov-2016 05:42,30-Nov-2016 05:42,177.0
01-Dec-2016 05:42,01-Dec-2016 05:42,178.0
02-Dec-2016 05:08,02-Dec-2016 05:08,174.0
05-Dec-2016 04:59,05-Dec-2016 04:59,176.0
06-Dec-2016 05:18,06-Dec-2016 05:18,176.0
07-Dec-2016 06:15,07-Dec-2016 06:15,177.0
08-Dec-2016 06:04,08-Dec-2016 06:04,176.0
09-Dec-2016 05:46,09-Dec-2016 05:46,176.0
10-Dec-2016 05:04,10-Dec-2016 05:04,175.0
11-Dec-2016 05:36,11-Dec-2016 05:36,174.0
12-Dec-2016 05:35,12-Dec-2016 05:35,174.0
13-Dec-2016 05:54,13-Dec-2016 05:54,175.0
14-Dec-2016 05:35,14-Dec-2016 05:35,175.0
15-Dec-2016 08:47,15-Dec-2016 08:47,175.0
19-Dec-2016 06:01,19-Dec-2016 06:01,173.0
23-Dec-2016 06:18,23-Dec-2016 06:18,171.0
24-Dec-2016 05:04,24-Dec-2016 05:04,170.0
25-Dec-2016 07:48,25-Dec-2016 07:48,171.0
26-Dec-2016 07:45,26-Dec-2016 07:45,170.0
27-Dec-2016 07:26,27-Dec-2016 07:26,170.0
28-Dec-2016 00:00,28-Dec-2016 00:00,163.0
05-Jan-2017 05:04,05-Jan-2017 05:04,177.0
08-Jan-2017 18:29,08-Jan-2017 18:29,177.0
12-Jan-2017 07:50,12-Jan-2017 07:50,174.0
16-Jan-2017 05:05,16-Jan-2017 05:05,175.0
17-Jan-2017 06:28,17-Jan-2017 06:28,176.0
19-Jan-2017 06:22,19-Jan-2017 06:22,174.0
20-Jan-2017 06:40,20-Jan-2017 06:40,173.0
21-Jan-2017 07:43,21-Jan-2017 07:43,172.0
22-Jan-2017 07:34,22-Jan-2017 07:34,171.0
23-Jan-2017 06:43,23-Jan-2017 06:43,171.0
24-Jan-2017 05:13,24-Jan-2017 05:13,172.0
25-Jan-2017 05:12,25-Jan-2017 05:12,168.0
26-Jan-2017 06:21,26-Jan-2017 06:21,167.0
27-Jan-2017 05:35,27-Jan-2017 05:35,166.0
28-Jan-2017 07:18,28-Jan-2017 07:18,169.0
30-Jan-2017 05:43,30-Jan-2017 05:43,170.0
31-Jan-2017 06:46,31-Jan-2017 06:46,167.0
01-Feb-2017 07:35,01-Feb-2017 07:35,168.0
02-Feb-2017 06:54,02-Feb-2017 06:54,166.0
03-Feb-2017 18:16,03-Feb-2017 18:16,160.0
15-Feb-2017 05:53,15-Feb-2017 05:53,175.0
17-Feb-2017 05:53,17-Feb-2017 05:53,174.0
20-Feb-2017 05:54,20-Feb-2017 05:54,174.0
26-Feb-2017 07:47,26-Feb-2017 07:47,174.0
27-Feb-2017 06:18,27-Feb-2017 06:18,172.0
28-Feb-2017 05:04,28-Feb-2017 05:04,169.0
01-Mar-2017 05:26,01-Mar-2017 05:26,170.0
02-Mar-2017 06:42,02-Mar-2017 06:42,170.0
06-Mar-2017 05:54,06-Mar-2017 05:54,177.0
07-Mar-2017 05:43,07-Mar-2017 05:43,173.0
09-Mar-2017 03:54,09-Mar-2017 03:54,174.0
10-Mar-2017 05:27,10-Mar-2017 05:27,171.0
13-Mar-2017 05:31,13-Mar-2017 05:31,177.0
14-Mar-2017 04:48,14-Mar-2017 04:48,177.0
15-Mar-2017 05:49,15-Mar-2017 05:49,173.0
17-Mar-2017 06:02,17-Mar-2017 06:02,169.0
19-Mar-2017 05:38,19-Mar-2017 05:38,169.0
20-Mar-2017 05:56,20-Mar-2017 05:56,170.0
21-Mar-2017 05:18,21-Mar-2017 05:18,170.0
22-Mar-2017 05:38,22-Mar-2017 05:38,169.0
27-Mar-2017 05:08,27-Mar-2017 05:08,170.0
28-Mar-2017 07:02,28-Mar-2017 07:02,170.0
29-Mar-2017 06:00,29-Mar-2017 06:00,172.0
30-Mar-2017 05:43,30-Mar-2017 05:43,171.0
31-Mar-2017 06:36,31-Mar-2017 06:36,169.0
03-Apr-2017 05:02,03-Apr-2017 05:02,173.0
04-Apr-2017 05:28,04-Apr-2017 05:28,171.0
05-Apr-2017 05:13,05-Apr-2017 05:13,167.0
06-Apr-2017 05:17,06-Apr-2017 05:17,169.0
10-Apr-2017 06:02,10-Apr-2017 06:02,175.0
11-Apr-2017 07:14,11-Apr-2017 07:14,177.0
12-Apr-2017 06:41,12-Apr-2017 06:41,176.0
13-Apr-2017 06:02,13-Apr-2017 06:02,175.0
14-Apr-2017 06:06,14-Apr-2017 06:06,173.0
15-Apr-2017 06:55,15-Apr-2017 06:55,175.0
16-Apr-2017 07:21,16-Apr-2017 07:21,173.0
18-Apr-2017 06:31,18-Apr-2017 06:31,173.0
19-Apr-2017 05:40,19-Apr-2017 05:40,171.0
21-Apr-2017 05:16,21-Apr-2017 05:16,169.0
22-Apr-2017 05:09,22-Apr-2017 05:09,167.0
23-Apr-2017 08:09,23-Apr-2017 08:09,168.0
27-Apr-2017 05:54,27-Apr-2017 05:54,166.0
01-May-2017 05:31,01-May-2017 05:31,168.0
02-May-2017 05:37,02-May-2017 05:37,170.0
03-May-2017 05:27,03-May-2017 05:27,166.0
08-May-2017 05:39,08-May-2017 05:39,173.0
09-May-2017 06:17,09-May-2017 06:17,171.0
10-May-2017 05:37,10-May-2017 05:37,169.0
15-May-2017 05:09,15-May-2017 05:09,171.0
21-May-2017 06:01,21-May-2017 06:01,171.0
23-May-2017 05:23,23-May-2017 05:23,174.0
25-May-2017 06:53,25-May-2017 06:53,172.0
30-May-2017 05:30,30-May-2017 05:30,176.0
01-Jun-2017 06:44,01-Jun-2017 06:44,174.0
02-Jun-2017 05:56,02-Jun-2017 05:56,175.0
05-Jun-2017 05:12,05-Jun-2017 05:12,175.0
06-Jun-2017 05:02,06-Jun-2017 05:02,174.0
08-Jun-2017 06:19,08-Jun-2017 06:19,173.0
09-Jun-2017 05:42,09-Jun-2017 05:42,175.0
11-Jun-2017 06:22,11-Jun-2017 06:22,173.0
12-Jun-2017 05:36,12-Jun-2017 05:36,175.0
13-Jun-2017 05:40,13-Jun-2017 05:40,172.0
16-Jun-2017 07:03,16-Jun-2017 07:03,175.0
19-Jun-2017 05:14,19-Jun-2017 05:14,180.0
20-Jun-2017 07:10,20-Jun-2017 07:10,175.0
26-Jun-2017 05:26,26-Jun-2017 05:26,176.0
27-Jun-2017 06:34,27-Jun-2017 06:34,175.0
28-Jun-2017 06:13,28-Jun-2017 06:13,176.0
29-Jun-2017 05:51,29-Jun-2017 05:51,174.0
30-Jun-2017 07:14,30-Jun-2017 07:14,174.0
01-Jul-2017 11:50,01-Jul-2017 11:50,176.0
02-Jul-2017 13:21,02-Jul-2017 13:21,175.0
03-Jul-2017 05:05,03-Jul-2017 05:05,177.0
04-Jul-2017 05:03,04-Jul-2017 05:03,178.0
05-Jul-2017 05:03,05-Jul-2017 05:03,179.0
06-Jul-2017 05:40,06-Jul-2017 05:40,176.0
07-Jul-2017 06:12,07-Jul-2017 06:12,179.0
08-Jul-2017 06:07,08-Jul-2017 06:07,179.0
09-Jul-2017 05:05,09-Jul-2017 05:05,179.0
10-Jul-2017 05:40,10-Jul-2017 05:40,178.0
11-Jul-2017 08:33,11-Jul-2017 08:33,177.0
12-Jul-2017 05:50,12-Jul-2017 05:50,177.0
13-Jul-2017 06:16,13-Jul-2017 06:16,177.0
14-Jul-2017 05:05,14-Jul-2017 05:05,176.0
24-Jul-2017 05:18,24-Jul-2017 05:18,180.0
25-Jul-2017 04:54,25-Jul-2017 04:54,179.0
27-Jul-2017 09:00,27-Jul-2017 09:00,179.0
28-Jul-2017 06:56,28-Jul-2017 06:56,179.0
29-Jul-2017 06:24,29-Jul-2017 06:24,178.0
29-Jul-2017 06:32,29-Jul-2017 06:32,177.0
30-Jul-2017 05:58,30-Jul-2017 05:58,180.0
31-Jul-2017 05:03,31-Jul-2017 05:03,181.0
01-Aug-2017 05:17,01-Aug-2017 05:17,179.0
03-Aug-2017 06:19,03-Aug-2017 06:19,180.0
04-Aug-2017 07:14,04-Aug-2017 07:14,180.0
05-Aug-2017 06:27,05-Aug-2017 06:27,179.0
07-Aug-2017 05:46,07-Aug-2017 05:46,184.0
08-Aug-2017 06:16,08-Aug-2017 06:16,181.0
09-Aug-2017 07:01,09-Aug-2017 07:01,182.0
10-Aug-2017 07:31,10-Aug-2017 07:31,182.0
11-Aug-2017 07:05,11-Aug-2017 07:05,180.0
12-Aug-2017 14:49,12-Aug-2017 14:49,180.0
14-Aug-2017 05:06,14-Aug-2017 05:06,180.0
15-Aug-2017 07:05,15-Aug-2017 07:05,179.0
16-Aug-2017 04:34,16-Aug-2017 04:34,181.0
17-Aug-2017 05:01,17-Aug-2017 05:01,181.0
19-Aug-2017 05:15,19-Aug-2017 05:15,182.0
23-Aug-2017 06:06,23-Aug-2017 06:06,184.0
24-Aug-2017 06:10,24-Aug-2017 06:10,183.0
25-Aug-2017 05:34,25-Aug-2017 05:34,180.0
26-Aug-2017 07:23,26-Aug-2017 07:23,179.0
27-Aug-2017 05:02,27-Aug-2017 05:02,186.0
28-Aug-2017 06:19,28-Aug-2017 06:19,184.0
29-Aug-2017 06:19,29-Aug-2017 06:19,180.0
30-Aug-2017 06:59,30-Aug-2017 06:59,179.0
31-Aug-2017 00:00,31-Aug-2017 00:00,175.0
01-Sep-2017 03:46,01-Sep-2017 03:46,180.0
04-Sep-2017 06:26,04-Sep-2017 06:26,184.0
06-Sep-2017 08:35,06-Sep-2017 08:35,182.0
07-Sep-2017 06:57,07-Sep-2017 06:57,186.0
11-Sep-2017 06:58,11-Sep-2017 06:58,185.0
12-Sep-2017 05:18,12-Sep-2017 05:18,185.0
12-Sep-2017 05:27,12-Sep-2017 05:27,185.0
13-Sep-2017 05:38,13-Sep-2017 05:38,187.0
14-Sep-2017 06:51,14-Sep-2017 06:51,184.0
15-Sep-2017 05:09,15-Sep-2017 05:09,184.0
16-Sep-2017 05:05,16-Sep-2017 05:05,182.0
17-Sep-2017 11:53,17-Sep-2017 11:53,184.0
18-Sep-2017 05:04,18-Sep-2017 05:04,183.0
19-Sep-2017 05:49,19-Sep-2017 05:49,181.0
20-Sep-2017 05:59,20-Sep-2017 05:59,181.0
21-Sep-2017 05:05,21-Sep-2017 05:05,181.0
22-Sep-2017 05:47,22-Sep-2017 05:47,183.0
24-Sep-2017 06:00,24-Sep-2017 06:00,182.0
25-Sep-2017 04:12,25-Sep-2017 04:12,185.0
26-Sep-2017 05:01,26-Sep-2017 05:01,181.0
27-Sep-2017 05:07,27-Sep-2017 05:07,180.0
28-Sep-2017 05:04,28-Sep-2017 05:04,178.0
29-Sep-2017 05:13,29-Sep-2017 05:13,177.0
30-Sep-2017 05:04,30-Sep-2017 05:04,177.0
01-Oct-2017 06:58,01-Oct-2017 06:58,175.0
02-Oct-2017 05:05,02-Oct-2017 05:05,175.0
03-Oct-2017 05:06,03-Oct-2017 05:06,175.0
03-Oct-2017 18:44,03-Oct-2017 18:44,179.015350166146
03-Oct-2017 19:59,03-Oct-2017 19:59,176.259571888835
04-Oct-2017 05:01,04-Oct-2017 05:01,173.834490368789
04-Oct-2017 05:01,04-Oct-2017 05:01,173.834490368789
04-Oct-2017 16:51,04-Oct-2017 16:51,173.614031470591
05-Oct-2017 04:46,05-Oct-2017 04:46,173.393572572393
05-Oct-2017 08:23,05-Oct-2017 08:23,170.0
06-Oct-2017 05:19,06-Oct-2017 05:19,179.23582588428
06-Oct-2017 05:21,06-Oct-2017 05:21,178.574432369751
07-Oct-2017 04:02,07-Oct-2017 04:02,179.456284782477
08-Oct-2017 07:19,08-Oct-2017 07:19,178.905129127015
09-Oct-2017 07:11,09-Oct-2017 07:11,179.897202578873
11-Oct-2017 05:11,11-Oct-2017 05:11,180.999513889797
11-Oct-2017 05:12,11-Oct-2017 05:12,180.999513889797
13-Oct-2017 05:13,13-Oct-2017 05:13,181.660907404326
16-Oct-2017 05:49,16-Oct-2017 05:49,180.668817132533
17-Oct-2017 05:53,17-Oct-2017 05:53,183.424595409844
18-Oct-2017 04:24,18-Oct-2017 04:24,182.432521957986
19-Oct-2017 07:02,19-Oct-2017 07:02,179.897202578873
20-Oct-2017 06:21,20-Oct-2017 06:21,182.652980856184
21-Oct-2017 05:43,21-Oct-2017 05:43,181.440448506129
22-Oct-2017 04:58,22-Oct-2017 04:58,181.219972787995
22-Oct-2017 04:59,22-Oct-2017 04:59,181.440448506129
23-Oct-2017 05:01,23-Oct-2017 05:01,180.889292850666
23-Oct-2017 07:33,23-Oct-2017 07:33,180.889292850666
24-Oct-2017 05:03,24-Oct-2017 05:03,182.983677613448
26-Oct-2017 04:28,26-Oct-2017 04:28,182.212063059788
03-Nov-2017 07:24,03-Nov-2017 07:24,185.408759133495
06-Nov-2017 05:03,06-Nov-2017 05:03,185.629218031693
08-Nov-2017 06:49,08-Nov-2017 06:49,185.298538094364
10-Nov-2017 06:47,10-Nov-2017 06:47,182.652980856184
13-Nov-2017 06:09,13-Nov-2017 06:09,185.188300235297
14-Nov-2017 05:03,14-Nov-2017 05:03,183.755292167108
15-Nov-2017 05:15,15-Nov-2017 05:15,183.645071127977
16-Nov-2017 06:33,16-Nov-2017 06:33,182.101825200722
18-Nov-2017 05:41,18-Nov-2017 05:41,183.314374370713
24-Nov-2017 19:58,24-Nov-2017 19:58,189.928242236259
25-Nov-2017 06:48,25-Nov-2017 06:48,187.944078512608
26-Nov-2017 05:04,26-Nov-2017 05:04,185.849693749826
27-Nov-2017 04:52,27-Nov-2017 04:52,186.070152648024
28-Nov-2017 07:10,28-Nov-2017 07:10,185.629218031693
30-Nov-2017 07:05,30-Nov-2017 07:05,185.959914788957
01-Dec-2017 05:16,01-Dec-2017 05:16,186.070152648024
02-Dec-2017 05:04,02-Dec-2017 05:04,186.400849405288
03-Dec-2017 05:03,03-Dec-2017 05:03,186.95200506075
03-Dec-2017 07:14,03-Dec-2017 07:14,186.511070444419
04-Dec-2017 06:34,04-Dec-2017 06:34,184.747382438902
05-Dec-2017 07:09,05-Dec-2017 07:09,185.07806237623
06-Dec-2017 04:47,06-Dec-2017 04:47,183.534833268911
06-Dec-2017 04:47,06-Dec-2017 04:47,183.534833268911
12-Dec-2017 06:38,12-Dec-2017 06:38,184.967841337099
12-Dec-2017 06:39,12-Dec-2017 06:39,184.967841337099
13-Dec-2017 07:22,13-Dec-2017 07:22,190.258938993524
14-Dec-2017 02:15,14-Dec-2017 02:15,188.936151964466
15-Dec-2017 05:57,15-Dec-2017 05:57,186.621308303486
18-Dec-2017 06:18,18-Dec-2017 06:18,189.487307619928
20-Dec-2017 07:30,20-Dec-2017 07:30,189.707783338061
24-Dec-2017 04:45,24-Dec-2017 04:45,188.715693066268
26-Dec-2017 07:15,26-Dec-2017 07:15,191.251012445381
27-Dec-2017 07:20,27-Dec-2017 07:20,188.825930925335
27-Dec-2017 07:27,27-Dec-2017 07:27,188.49523416807
28-Dec-2017 05:06,28-Dec-2017 05:06,192.353323756306
02-Jan-2018 05:03,02-Jan-2018 05:03,191.140774586315
05-Jan-2018 06:07,05-Jan-2018 06:07,191.030553547184
07-Jan-2018 05:31,07-Jan-2018 05:31,190.810094648986
08-Jan-2018 05:24,08-Jan-2018 05:24,192.794241552701
09-Jan-2018 05:12,09-Jan-2018 05:12,189.26684872173
10-Jan-2018 05:36,10-Jan-2018 05:36,187.392922857146
11-Jan-2018 05:23,11-Jan-2018 05:23,189.26684872173
12-Jan-2018 06:21,12-Jan-2018 06:21,189.377086580797
14-Jan-2018 02:26,14-Jan-2018 02:26,190.148701134457
15-Jan-2018 06:57,15-Jan-2018 06:57,188.936151964466
16-Jan-2018 07:44,16-Jan-2018 07:44,189.487307619928
16-Jan-2018 10:11,16-Jan-2018 10:11,189.377086580797
17-Jan-2018 07:53,17-Jan-2018 07:53,187.392922857146
18-Jan-2018 02:47,18-Jan-2018 02:47,188.715693066268
19-Jan-2018 07:08,19-Jan-2018 07:08,187.613381755344
21-Jan-2018 05:53,21-Jan-2018 05:53,191.361250304448
22-Jan-2018 06:23,22-Jan-2018 06:23,190.148701134457
23-Jan-2018 05:25,23-Jan-2018 05:25,189.377086580797
24-Jan-2018 05:03,24-Jan-2018 05:03,187.503160716213
29-Jan-2018 19:17,29-Jan-2018 19:17,192.2
29-Jan-2018 19:17,29-Jan-2018 19:17,192.2
29-Jan-2018 19:17,29-Jan-2018 19:17,192.2
29-Jan-2018 19:20,29-Jan-2018 19:20,192.4
29-Jan-2018 19:20,29-Jan-2018 19:20,192.4
29-Jan-2018 19:20,29-Jan-2018 19:20,192.4
30-Jan-2018 05:43,30-Jan-2018 05:43,188.4
30-Jan-2018 05:43,30-Jan-2018 05:43,188.4
30-Jan-2018 05:43,30-Jan-2018 05:43,188.4
30-Jan-2018 21:49,30-Jan-2018 21:49,189.4
30-Jan-2018 21:49,30-Jan-2018 21:49,189.4
30-Jan-2018 21:49,30-Jan-2018 21:49,189.4
31-Jan-2018 04:02,31-Jan-2018 04:02,187.6
31-Jan-2018 04:02,31-Jan-2018 04:02,187.6
31-Jan-2018 04:02,31-Jan-2018 04:02,187.6
01-Feb-2018 05:34,01-Feb-2018 05:34,187.0
01-Feb-2018 05:34,01-Feb-2018 05:34,187.0
01-Feb-2018 05:34,01-Feb-2018 05:34,187.0
02-Feb-2018 05:03,02-Feb-2018 05:03,187.2
02-Feb-2018 05:03,02-Feb-2018 05:03,187.2
02-Feb-2018 05:03,02-Feb-2018 05:03,187.2
03-Feb-2018 07:42,03-Feb-2018 07:42,188.4
03-Feb-2018 07:42,03-Feb-2018 07:42,188.4
03-Feb-2018 07:42,03-Feb-2018 07:42,188.4
04-Feb-2018 04:15,04-Feb-2018 04:15,192.4
04-Feb-2018 04:15,04-Feb-2018 04:15,192.4
04-Feb-2018 04:15,04-Feb-2018 04:15,192.4
05-Feb-2018 05:00,05-Feb-2018 05:00,188.8
05-Feb-2018 05:00,05-Feb-2018 05:00,188.8
05-Feb-2018 05:00,05-Feb-2018 05:00,188.8
05-Feb-2018 06:47,05-Feb-2018 06:47,188.4
05-Feb-2018 06:47,05-Feb-2018 06:47,188.4
05-Feb-2018 06:47,05-Feb-2018 06:47,188.4
06-Feb-2018 06:54,06-Feb-2018 06:54,189.6
06-Feb-2018 06:54,06-Feb-2018 06:54,189.6
06-Feb-2018 06:54,06-Feb-2018 06:54,189.6
07-Feb-2018 07:32,07-Feb-2018 07:32,188.4
07-Feb-2018 07:32,07-Feb-2018 07:32,188.4
07-Feb-2018 07:32,07-Feb-2018 07:32,188.4
08-Feb-2018 05:51,08-Feb-2018 05:51,190.4
08-Feb-2018 05:51,08-Feb-2018 05:51,190.4
08-Feb-2018 05:51,08-Feb-2018 05:51,190.4
09-Feb-2018 05:19,09-Feb-2018 05:19,191.8
09-Feb-2018 05:19,09-Feb-2018 05:19,191.8
09-Feb-2018 05:19,09-Feb-2018 05:19,191.8
10-Feb-2018 06:39,10-Feb-2018 06:39,188.2
10-Feb-2018 06:39,10-Feb-2018 06:39,188.2
10-Feb-2018 06:39,10-Feb-2018 06:39,188.2
10-Feb-2018 06:39,10-Feb-2018 06:39,188.2
10-Feb-2018 06:39,10-Feb-2018 06:39,188.2
10-Feb-2018 06:39,10-Feb-2018 06:39,188.2
11-Feb-2018 04:58,11-Feb-2018 04:58,191.2
11-Feb-2018 04:58,11-Feb-2018 04:58,191.2
11-Feb-2018 04:58,11-Feb-2018 04:58,191.2
12-Feb-2018 05:07,12-Feb-2018 05:07,191.8
12-Feb-2018 05:07,12-Feb-2018 05:07,191.8
12-Feb-2018 05:07,12-Feb-2018 05:07,191.8
13-Feb-2018 06:00,13-Feb-2018 06:00,189.2
13-Feb-2018 06:00,13-Feb-2018 06:00,189.2
13-Feb-2018 06:00,13-Feb-2018 06:00,189.2
14-Feb-2018 06:26,14-Feb-2018 06:26,189.0
14-Feb-2018 06:26,14-Feb-2018 06:26,189.0
14-Feb-2018 06:26,14-Feb-2018 06:26,189.0
15-Feb-2018 05:52,15-Feb-2018 05:52,190.2
15-Feb-2018 05:52,15-Feb-2018 05:52,190.2
15-Feb-2018 05:52,15-Feb-2018 05:52,190.2
15-Feb-2018 05:54,15-Feb-2018 05:54,189.8
15-Feb-2018 05:54,15-Feb-2018 05:54,189.8
15-Feb-2018 05:54,15-Feb-2018 05:54,189.8
16-Feb-2018 05:00,16-Feb-2018 05:00,190.4
16-Feb-2018 05:00,16-Feb-2018 05:00,190.4
16-Feb-2018 05:00,16-Feb-2018 05:00,190.4
17-Feb-2018 05:03,17-Feb-2018 05:03,190.4
17-Feb-2018 05:03,17-Feb-2018 05:03,190.4
17-Feb-2018 05:03,17-Feb-2018 05:03,190.4
18-Feb-2018 07:10,18-Feb-2018 07:10,190.6
18-Feb-2018 07:10,18-Feb-2018 07:10,190.6
18-Feb-2018 07:10,18-Feb-2018 07:10,190.6
19-Feb-2018 05:29,19-Feb-2018 05:29,196.2
19-Feb-2018 05:29,19-Feb-2018 05:29,196.2
19-Feb-2018 05:29,19-Feb-2018 05:29,196.2
20-Feb-2018 06:59,20-Feb-2018 06:59,191.6
20-Feb-2018 06:59,20-Feb-2018 06:59,191.6
20-Feb-2018 06:59,20-Feb-2018 06:59,191.6
21-Feb-2018 07:09,21-Feb-2018 07:09,193.0
21-Feb-2018 07:09,21-Feb-2018 07:09,193.0
21-Feb-2018 07:09,21-Feb-2018 07:09,193.0
21-Feb-2018 08:37,21-Feb-2018 08:37,192.0
21-Feb-2018 08:37,21-Feb-2018 08:37,192.0
21-Feb-2018 08:37,21-Feb-2018 08:37,192.0
22-Feb-2018 07:03,22-Feb-2018 07:03,192.0
22-Feb-2018 07:03,22-Feb-2018 07:03,192.0
22-Feb-2018 07:03,22-Feb-2018 07:03,192.0
23-Feb-2018 06:53,23-Feb-2018 06:53,191.6
23-Feb-2018 06:53,23-Feb-2018 06:53,191.6
23-Feb-2018 06:53,23-Feb-2018 06:53,191.6
24-Feb-2018 05:00,24-Feb-2018 05:00,191.0
24-Feb-2018 05:00,24-Feb-2018 05:00,191.0
24-Feb-2018 05:00,24-Feb-2018 05:00,191.0
25-Feb-2018 06:20,25-Feb-2018 06:20,194.0
25-Feb-2018 06:20,25-Feb-2018 06:20,194.0
25-Feb-2018 06:20,25-Feb-2018 06:20,194.0
26-Feb-2018 05:04,26-Feb-2018 05:04,192.0
26-Feb-2018 05:04,26-Feb-2018 05:04,192.0
26-Feb-2018 05:04,26-Feb-2018 05:04,192.0
27-Feb-2018 03:43,27-Feb-2018 03:43,192.4
27-Feb-2018 03:43,27-Feb-2018 03:43,192.4
27-Feb-2018 03:43,27-Feb-2018 03:43,192.4
28-Feb-2018 05:37,28-Feb-2018 05:37,191.6
28-Feb-2018 05:37,28-Feb-2018 05:37,191.6
28-Feb-2018 05:37,28-Feb-2018 05:37,191.6
01-Mar-2018 07:29,01-Mar-2018 07:29,187.0
01-Mar-2018 07:29,01-Mar-2018 07:29,187.0
01-Mar-2018 07:29,01-Mar-2018 07:29,187.0
01-Mar-2018 07:30,01-Mar-2018 07:30,186.8
01-Mar-2018 07:30,01-Mar-2018 07:30,186.8
01-Mar-2018 07:30,01-Mar-2018 07:30,186.8
02-Mar-2018 06:22,02-Mar-2018 06:22,188.4
02-Mar-2018 06:22,02-Mar-2018 06:22,188.4
02-Mar-2018 06:22,02-Mar-2018 06:22,188.4
03-Mar-2018 06:22,03-Mar-2018 06:22,188.4
03-Mar-2018 06:22,03-Mar-2018 06:22,188.4
03-Mar-2018 06:22,03-Mar-2018 06:22,188.4
04-Mar-2018 05:03,04-Mar-2018 05:03,189.2
04-Mar-2018 05:03,04-Mar-2018 05:03,189.2
04-Mar-2018 05:03,04-Mar-2018 05:03,189.2
05-Mar-2018 05:02,05-Mar-2018 05:02,189.2
05-Mar-2018 05:02,05-Mar-2018 05:02,189.2
05-Mar-2018 05:02,05-Mar-2018 05:02,189.2
06-Mar-2018 05:02,06-Mar-2018 05:02,188.4
06-Mar-2018 05:02,06-Mar-2018 05:02,188.4
06-Mar-2018 05:02,06-Mar-2018 05:02,188.4
06-Mar-2018 07:09,06-Mar-2018 07:09,187.8
06-Mar-2018 07:09,06-Mar-2018 07:09,187.8
06-Mar-2018 07:09,06-Mar-2018 07:09,187.8
07-Mar-2018 05:53,07-Mar-2018 05:53,189.2
07-Mar-2018 05:53,07-Mar-2018 05:53,189.2
07-Mar-2018 05:53,07-Mar-2018 05:53,189.2
07-Mar-2018 08:13,07-Mar-2018 08:13,188.8
07-Mar-2018 08:13,07-Mar-2018 08:13,188.8
07-Mar-2018 08:13,07-Mar-2018 08:13,188.8
08-Mar-2018 05:11,08-Mar-2018 05:11,190.2
08-Mar-2018 05:11,08-Mar-2018 05:11,190.2
08-Mar-2018 05:11,08-Mar-2018 05:11,190.2
09-Mar-2018 05:05,09-Mar-2018 05:05,190.4
09-Mar-2018 05:05,09-Mar-2018 05:05,190.4
09-Mar-2018 05:05,09-Mar-2018 05:05,190.4
10-Mar-2018 05:23,10-Mar-2018 05:23,186.8
10-Mar-2018 05:23,10-Mar-2018 05:23,186.8
10-Mar-2018 05:23,10-Mar-2018 05:23,186.8
11-Mar-2018 05:02,11-Mar-2018 05:02,189.6
11-Mar-2018 05:02,11-Mar-2018 05:02,189.6
11-Mar-2018 05:02,11-Mar-2018 05:02,189.6
12-Mar-2018 05:41,12-Mar-2018 05:41,190.0
12-Mar-2018 05:41,12-Mar-2018 05:41,190.0
12-Mar-2018 05:41,12-Mar-2018 05:41,190.0
13-Mar-2018 07:06,13-Mar-2018 07:06,188.0
13-Mar-2018 07:06,13-Mar-2018 07:06,188.0
13-Mar-2018 07:06,13-Mar-2018 07:06,188.0
14-Mar-2018 05:22,14-Mar-2018 05:22,189.0
14-Mar-2018 05:22,14-Mar-2018 05:22,189.0
14-Mar-2018 05:22,14-Mar-2018 05:22,189.0
15-Mar-2018 05:27,15-Mar-2018 05:27,187.6
15-Mar-2018 05:27,15-Mar-2018 05:27,187.6
15-Mar-2018 05:27,15-Mar-2018 05:27,187.6
16-Mar-2018 05:17,16-Mar-2018 05:17,187.0
16-Mar-2018 05:17,16-Mar-2018 05:17,187.0
16-Mar-2018 05:17,16-Mar-2018 05:17,187.0
17-Mar-2018 07:10,17-Mar-2018 07:10,188.0
17-Mar-2018 07:10,17-Mar-2018 07:10,188.0
17-Mar-2018 07:10,17-Mar-2018 07:10,188.0
18-Mar-2018 05:02,18-Mar-2018 05:02,189.2
18-Mar-2018 05:02,18-Mar-2018 05:02,189.2
18-Mar-2018 05:02,18-Mar-2018 05:02,189.2
19-Mar-2018 05:04,19-Mar-2018 05:04,189.6
19-Mar-2018 05:04,19-Mar-2018 05:04,189.6
19-Mar-2018 05:04,19-Mar-2018 05:04,189.6
20-Mar-2018 04:45,20-Mar-2018 04:45,189.8
20-Mar-2018 04:45,20-Mar-2018 04:45,189.8
20-Mar-2018 04:45,20-Mar-2018 04:45,189.8
21-Mar-2018 06:24,21-Mar-2018 06:24,188.4
21-Mar-2018 06:24,21-Mar-2018 06:24,188.4
21-Mar-2018 06:24,21-Mar-2018 06:24,188.4
22-Mar-2018 05:03,22-Mar-2018 05:03,188.2
22-Mar-2018 05:03,22-Mar-2018 05:03,188.2
22-Mar-2018 05:03,22-Mar-2018 05:03,188.2
23-Mar-2018 05:14,23-Mar-2018 05:14,187.8
23-Mar-2018 05:14,23-Mar-2018 05:14,187.8
23-Mar-2018 05:14,23-Mar-2018 05:14,187.8
25-Mar-2018 04:43,25-Mar-2018 04:43,190.6
25-Mar-2018 04:43,25-Mar-2018 04:43,190.6
25-Mar-2018 04:43,25-Mar-2018 04:43,190.6
26-Mar-2018 05:03,26-Mar-2018 05:03,192.4
26-Mar-2018 05:03,26-Mar-2018 05:03,192.4
26-Mar-2018 05:03,26-Mar-2018 05:03,192.4
27-Mar-2018 06:23,27-Mar-2018 06:23,191.2
27-Mar-2018 06:23,27-Mar-2018 06:23,191.2
27-Mar-2018 06:23,27-Mar-2018 06:23,191.2
28-Mar-2018 05:39,28-Mar-2018 05:39,189.4
28-Mar-2018 05:39,28-Mar-2018 05:39,189.4
28-Mar-2018 05:39,28-Mar-2018 05:39,189.4
29-Mar-2018 05:53,29-Mar-2018 05:53,191.0
29-Mar-2018 05:53,29-Mar-2018 05:53,191.0
29-Mar-2018 05:53,29-Mar-2018 05:53,191.0
30-Mar-2018 06:43,30-Mar-2018 06:43,190.0
30-Mar-2018 06:43,30-Mar-2018 06:43,190.0
30-Mar-2018 06:43,30-Mar-2018 06:43,190.0
01-Apr-2018 08:32,01-Apr-2018 08:32,194.0
01-Apr-2018 08:32,01-Apr-2018 08:32,194.0
01-Apr-2018 08:32,01-Apr-2018 08:32,194.0
02-Apr-2018 05:03,02-Apr-2018 05:03,193.2
02-Apr-2018 05:03,02-Apr-2018 05:03,193.2
02-Apr-2018 05:03,02-Apr-2018 05:03,193.2
03-Apr-2018 05:05,03-Apr-2018 05:05,194.0
03-Apr-2018 05:05,03-Apr-2018 05:05,194.0
03-Apr-2018 05:05,03-Apr-2018 05:05,194.0
04-Apr-2018 05:48,04-Apr-2018 05:48,193.0
04-Apr-2018 05:48,04-Apr-2018 05:48,193.0
04-Apr-2018 05:48,04-Apr-2018 05:48,193.0
06-Apr-2018 06:14,06-Apr-2018 06:14,191.8
06-Apr-2018 06:14,06-Apr-2018 06:14,191.8
06-Apr-2018 06:14,06-Apr-2018 06:14,191.8
07-Apr-2018 08:09,07-Apr-2018 08:09,192.6
07-Apr-2018 08:09,07-Apr-2018 08:09,192.6
07-Apr-2018 08:09,07-Apr-2018 08:09,192.6
08-Apr-2018 08:29,08-Apr-2018 08:29,192.2
08-Apr-2018 08:29,08-Apr-2018 08:29,192.2
08-Apr-2018 08:29,08-Apr-2018 08:29,192.2
10-Apr-2018 07:40,10-Apr-2018 07:40,192.2
10-Apr-2018 07:40,10-Apr-2018 07:40,192.2
10-Apr-2018 07:40,10-Apr-2018 07:40,192.2
11-Apr-2018 06:06,11-Apr-2018 06:06,196.2
11-Apr-2018 06:06,11-Apr-2018 06:06,196.2
11-Apr-2018 06:06,11-Apr-2018 06:06,196.2
12-Apr-2018 05:02,12-Apr-2018 05:02,194.6
12-Apr-2018 05:02,12-Apr-2018 05:02,194.6
12-Apr-2018 05:02,12-Apr-2018 05:02,194.6
13-Apr-2018 05:03,13-Apr-2018 05:03,193.8
13-Apr-2018 05:03,13-Apr-2018 05:03,193.8
13-Apr-2018 05:03,13-Apr-2018 05:03,193.8
14-Apr-2018 06:48,14-Apr-2018 06:48,193.6
14-Apr-2018 06:48,14-Apr-2018 06:48,193.6
14-Apr-2018 06:48,14-Apr-2018 06:48,193.6
16-Apr-2018 05:04,16-Apr-2018 05:04,193.2
16-Apr-2018 05:04,16-Apr-2018 05:04,193.2
16-Apr-2018 05:04,16-Apr-2018 05:04,193.2
17-Apr-2018 05:18,17-Apr-2018 05:18,193.2
17-Apr-2018 05:18,17-Apr-2018 05:18,193.2
17-Apr-2018 05:18,17-Apr-2018 05:18,193.2
18-Apr-2018 07:04,18-Apr-2018 07:04,192.0
18-Apr-2018 07:04,18-Apr-2018 07:04,192.0
18-Apr-2018 07:04,18-Apr-2018 07:04,192.0
18-Apr-2018 11:15,18-Apr-2018 11:15,189.4
18-Apr-2018 11:15,18-Apr-2018 11:15,189.4
18-Apr-2018 11:15,18-Apr-2018 11:15,189.4
20-Apr-2018 06:48,20-Apr-2018 06:48,189.0
20-Apr-2018 06:48,20-Apr-2018 06:48,189.0
20-Apr-2018 06:48,20-Apr-2018 06:48,189.0
21-Apr-2018 07:31,21-Apr-2018 07:31,189.6
21-Apr-2018 07:31,21-Apr-2018 07:31,189.6
21-Apr-2018 07:31,21-Apr-2018 07:31,189.6
24-Apr-2018 04:52,24-Apr-2018 04:52,192.6
24-Apr-2018 04:52,24-Apr-2018 04:52,192.6
24-Apr-2018 04:52,24-Apr-2018 04:52,192.6
25-Apr-2018 05:29,25-Apr-2018 05:29,190.0
25-Apr-2018 05:29,25-Apr-2018 05:29,190.0
25-Apr-2018 05:29,25-Apr-2018 05:29,190.0
26-Apr-2018 05:04,26-Apr-2018 05:04,188.8
26-Apr-2018 05:05,26-Apr-2018 05:05,188.8
26-Apr-2018 05:05,26-Apr-2018 05:05,188.8
26-Apr-2018 05:05,26-Apr-2018 05:05,188.8
27-Apr-2018 06:13,27-Apr-2018 06:13,187.6
27-Apr-2018 06:13,27-Apr-2018 06:13,187.6
27-Apr-2018 06:13,27-Apr-2018 06:13,187.6
28-Apr-2018 09:14,28-Apr-2018 09:14,188.4
28-Apr-2018 09:14,28-Apr-2018 09:14,188.4
28-Apr-2018 09:14,28-Apr-2018 09:14,188.4
29-Apr-2018 05:03,29-Apr-2018 05:03,191.6
29-Apr-2018 05:03,29-Apr-2018 05:03,191.6
29-Apr-2018 05:03,29-Apr-2018 05:03,191.6
30-Apr-2018 07:39,30-Apr-2018 07:39,191.4
30-Apr-2018 07:39,30-Apr-2018 07:39,191.4
30-Apr-2018 07:39,30-Apr-2018 07:39,191.4
01-May-2018 02:57,01-May-2018 02:57,190.4
01-May-2018 02:57,01-May-2018 02:57,190.4
01-May-2018 02:57,01-May-2018 02:57,190.4
02-May-2018 05:20,02-May-2018 05:20,187.6
02-May-2018 05:20,02-May-2018 05:20,187.6
02-May-2018 05:20,02-May-2018 05:20,187.6
06-May-2018 06:12,06-May-2018 06:12,192.2
06-May-2018 06:12,06-May-2018 06:12,192.2
06-May-2018 06:12,06-May-2018 06:12,192.2
06-May-2018 06:18,06-May-2018 06:18,197.0
06-May-2018 06:18,06-May-2018 06:18,197.0
06-May-2018 06:18,06-May-2018 06:18,197.0
06-May-2018 06:18,06-May-2018 06:18,193.0
06-May-2018 06:18,06-May-2018 06:18,193.0
06-May-2018 06:18,06-May-2018 06:18,193.0
06-May-2018 06:19,06-May-2018 06:19,193.0
06-May-2018 06:19,06-May-2018 06:19,193.0
06-May-2018 06:19,06-May-2018 06:19,193.0
07-May-2018 06:38,07-May-2018 06:38,194.4
07-May-2018 06:38,07-May-2018 06:38,194.4
07-May-2018 06:38,07-May-2018 06:38,194.4
09-May-2018 05:08,09-May-2018 05:08,191.6
09-May-2018 05:08,09-May-2018 05:08,191.6
09-May-2018 05:08,09-May-2018 05:08,191.6
10-May-2018 05:53,10-May-2018 05:53,193.6
10-May-2018 05:53,10-May-2018 05:53,193.6
10-May-2018 05:53,10-May-2018 05:53,193.6
13-May-2018 06:13,13-May-2018 06:13,194.6
13-May-2018 06:13,13-May-2018 06:13,194.6
13-May-2018 06:13,13-May-2018 06:13,194.6
14-May-2018 05:02,14-May-2018 05:02,195.8
14-May-2018 05:02,14-May-2018 05:02,195.8
14-May-2018 05:02,14-May-2018 05:02,195.8
15-May-2018 04:30,15-May-2018 04:30,191.6
15-May-2018 07:38,15-May-2018 07:38,191.2
15-May-2018 07:38,15-May-2018 07:38,191.2
15-May-2018 07:38,15-May-2018 07:38,191.2
16-May-2018 06:54,16-May-2018 06:54,192.2
16-May-2018 06:54,16-May-2018 06:54,192.2
16-May-2018 06:54,16-May-2018 06:54,192.2
17-May-2018 06:32,17-May-2018 06:32,191.4
17-May-2018 06:32,17-May-2018 06:32,191.4
17-May-2018 06:32,17-May-2018 06:32,191.4
18-May-2018 07:17,18-May-2018 07:17,190.2
18-May-2018 07:17,18-May-2018 07:17,190.2
18-May-2018 07:17,18-May-2018 07:17,190.2
18-May-2018 07:18,18-May-2018 07:18,190.0
18-May-2018 07:18,18-May-2018 07:18,190.0
18-May-2018 07:18,18-May-2018 07:18,190.0
22-May-2018 05:01,22-May-2018 05:01,190.4
22-May-2018 05:01,22-May-2018 05:01,190.4
22-May-2018 05:01,22-May-2018 05:01,190.4
23-May-2018 07:06,23-May-2018 07:06,190.6
23-May-2018 07:06,23-May-2018 07:06,190.6
23-May-2018 07:06,23-May-2018 07:06,190.6
24-May-2018 07:27,24-May-2018 07:27,190.4
24-May-2018 07:27,24-May-2018 07:27,190.4
24-May-2018 07:27,24-May-2018 07:27,190.4
25-May-2018 06:28,25-May-2018 06:28,192.2
25-May-2018 06:28,25-May-2018 06:28,192.2
25-May-2018 06:28,25-May-2018 06:28,192.2
29-May-2018 04:56,29-May-2018 04:56,192.0
29-May-2018 04:56,29-May-2018 04:56,192.0
29-May-2018 04:56,29-May-2018 04:56,192.0
30-May-2018 07:37,30-May-2018 07:37,192.4
30-May-2018 07:37,30-May-2018 07:37,192.4
30-May-2018 07:37,30-May-2018 07:37,192.4
31-May-2018 06:28,31-May-2018 06:28,192.4
31-May-2018 06:28,31-May-2018 06:28,192.4
31-May-2018 06:28,31-May-2018 06:28,192.4
04-Jun-2018 05:01,04-Jun-2018 05:01,194.6
04-Jun-2018 05:01,04-Jun-2018 05:01,194.6
04-Jun-2018 05:01,04-Jun-2018 05:01,194.6
05-Jun-2018 07:10,05-Jun-2018 07:10,194.4
05-Jun-2018 07:10,05-Jun-2018 07:10,194.4
05-Jun-2018 07:10,05-Jun-2018 07:10,194.4
06-Jun-2018 06:50,06-Jun-2018 06:50,194.4
06-Jun-2018 06:50,06-Jun-2018 06:50,194.4
06-Jun-2018 06:50,06-Jun-2018 06:50,194.4
07-Jun-2018 05:54,07-Jun-2018 05:54,192.0
07-Jun-2018 05:54,07-Jun-2018 05:54,192.0
07-Jun-2018 05:54,07-Jun-2018 05:54,192.0
08-Jun-2018 07:30,08-Jun-2018 07:30,191.6
08-Jun-2018 07:30,08-Jun-2018 07:30,191.6
08-Jun-2018 07:30,08-Jun-2018 07:30,191.6
09-Jun-2018 05:02,09-Jun-2018 05:02,191.4
09-Jun-2018 05:02,09-Jun-2018 05:02,191.4
09-Jun-2018 05:02,09-Jun-2018 05:02,191.4
11-Jun-2018 07:18,11-Jun-2018 07:18,193.0
11-Jun-2018 07:18,11-Jun-2018 07:18,193.0
11-Jun-2018 07:18,11-Jun-2018 07:18,193.0
12-Jun-2018 07:07,12-Jun-2018 07:07,190.6
12-Jun-2018 07:07,12-Jun-2018 07:07,190.6
12-Jun-2018 07:07,12-Jun-2018 07:07,190.6
13-Jun-2018 05:11,13-Jun-2018 05:11,192.2
13-Jun-2018 05:11,13-Jun-2018 05:11,192.2
13-Jun-2018 05:11,13-Jun-2018 05:11,192.2
15-Jun-2018 08:25,15-Jun-2018 08:25,191.8
15-Jun-2018 08:25,15-Jun-2018 08:25,191.8
15-Jun-2018 08:25,15-Jun-2018 08:25,191.8
18-Jun-2018 03:48,18-Jun-2018 03:48,196.2
18-Jun-2018 03:48,18-Jun-2018 03:48,196.2
18-Jun-2018 03:48,18-Jun-2018 03:48,196.2
19-Jun-2018 04:46,19-Jun-2018 04:46,189.6
19-Jun-2018 04:46,19-Jun-2018 04:46,189.6
19-Jun-2018 04:46,19-Jun-2018 04:46,189.6
20-Jun-2018 06:35,20-Jun-2018 06:35,192.0
20-Jun-2018 06:35,20-Jun-2018 06:35,192.0
20-Jun-2018 06:35,20-Jun-2018 06:35,192.0
21-Jun-2018 05:57,21-Jun-2018 05:57,194.8
21-Jun-2018 05:57,21-Jun-2018 05:57,194.8
21-Jun-2018 05:57,21-Jun-2018 05:57,194.8
25-Jun-2018 07:16,25-Jun-2018 07:16,193.6
25-Jun-2018 07:16,25-Jun-2018 07:16,193.6
26-Jun-2018 04:27,26-Jun-2018 04:27,194.0
26-Jun-2018 04:27,26-Jun-2018 04:27,194.0
28-Jun-2018 05:02,28-Jun-2018 05:02,194.8
28-Jun-2018 05:02,28-Jun-2018 05:02,194.8
29-Jun-2018 06:24,29-Jun-2018 06:24,191.4
29-Jun-2018 06:24,29-Jun-2018 06:24,191.4
30-Jun-2018 08:23,30-Jun-2018 08:23,193.8
30-Jun-2018 08:23,30-Jun-2018 08:23,193.8
01-Jul-2018 05:03,01-Jul-2018 05:03,194.4
01-Jul-2018 05:03,01-Jul-2018 05:03,194.4
02-Jul-2018 04:51,02-Jul-2018 04:51,195.8
02-Jul-2018 04:51,02-Jul-2018 04:51,195.8
03-Jul-2018 06:09,03-Jul-2018 06:09,193.4
03-Jul-2018 06:09,03-Jul-2018 06:09,193.4
06-Jul-2018 07:15,06-Jul-2018 07:15,196.0
06-Jul-2018 07:15,06-Jul-2018 07:15,196.0
07-Jul-2018 04:57,07-Jul-2018 04:57,196.4
07-Jul-2018 04:57,07-Jul-2018 04:57,196.4
09-Jul-2018 05:47,09-Jul-2018 05:47,195.6
09-Jul-2018 05:47,09-Jul-2018 05:47,195.6
10-Jul-2018 05:41,10-Jul-2018 05:41,196.6
10-Jul-2018 05:41,10-Jul-2018 05:41,196.6
11-Jul-2018 05:03,11-Jul-2018 05:03,196.0
11-Jul-2018 05:03,11-Jul-2018 05:03,196.0
12-Jul-2018 07:27,12-Jul-2018 07:27,195.6
12-Jul-2018 07:27,12-Jul-2018 07:27,195.6
13-Jul-2018 05:22,13-Jul-2018 05:22,196.4
13-Jul-2018 05:22,13-Jul-2018 05:22,196.4
23-Jul-2018 06:44,23-Jul-2018 06:44,199.2
23-Jul-2018 06:44,23-Jul-2018 06:44,199.2
24-Jul-2018 07:55,24-Jul-2018 07:55,198.4
24-Jul-2018 07:55,24-Jul-2018 07:55,198.4
25-Jul-2018 06:19,25-Jul-2018 06:19,199.8
25-Jul-2018 06:19,25-Jul-2018 06:19,199.8
26-Jul-2018 06:54,26-Jul-2018 06:54,197.4
26-Jul-2018 06:54,26-Jul-2018 06:54,197.4
27-Jul-2018 08:01,27-Jul-2018 08:01,196.0
27-Jul-2018 08:01,27-Jul-2018 08:01,196.0
27-Jul-2018 08:02,27-Jul-2018 08:02,196.4
27-Jul-2018 08:02,27-Jul-2018 08:02,196.4
28-Jul-2018 08:32,28-Jul-2018 08:32,197.8
28-Jul-2018 08:32,28-Jul-2018 08:32,197.8
30-Jul-2018 06:20,30-Jul-2018 06:20,199.2
30-Jul-2018 06:20,30-Jul-2018 06:20,199.2
13-Aug-2018 08:15,13-Aug-2018 08:15,199.0
13-Aug-2018 08:15,13-Aug-2018 08:15,199.0
14-Aug-2018 05:26,14-Aug-2018 05:26,201.6
14-Aug-2018 05:26,14-Aug-2018 05:26,201.6
15-Aug-2018 06:41,15-Aug-2018 06:41,198.6
15-Aug-2018 06:41,15-Aug-2018 06:41,198.6
16-Aug-2018 06:13,16-Aug-2018 06:13,201.0
16-Aug-2018 06:13,16-Aug-2018 06:13,201.0
17-Aug-2018 06:15,17-Aug-2018 06:15,201.6
17-Aug-2018 06:15,17-Aug-2018 06:15,201.6
19-Aug-2018 06:08,19-Aug-2018 06:08,203.4
19-Aug-2018 06:08,19-Aug-2018 06:08,203.4
20-Aug-2018 06:55,20-Aug-2018 06:55,202.0
21-Aug-2018 05:03,21-Aug-2018 05:03,200.0
21-Aug-2018 06:34,21-Aug-2018 06:34,199.8
22-Aug-2018 04:51,22-Aug-2018 04:51,200.4
22-Aug-2018 08:52,22-Aug-2018 08:52,200.0
22-Aug-2018 08:52,22-Aug-2018 08:52,200.0
22-Aug-2018 20:40,22-Aug-2018 20:40,206.8
23-Aug-2018 03:46,23-Aug-2018 03:46,200.0
23-Aug-2018 03:46,23-Aug-2018 03:46,200.0
23-Aug-2018 03:57,23-Aug-2018 03:57,200.0
23-Aug-2018 03:57,23-Aug-2018 03:57,200.0
24-Aug-2018 07:24,24-Aug-2018 07:24,199.6
24-Aug-2018 07:24,24-Aug-2018 07:24,199.6
27-Aug-2018 05:59,27-Aug-2018 05:59,200.4
27-Aug-2018 05:59,27-Aug-2018 05:59,200.4
27-Aug-2018 05:59,27-Aug-2018 05:59,200.4
27-Aug-2018 05:59,27-Aug-2018 05:59,200.4
28-Aug-2018 04:37,28-Aug-2018 04:37,199.8
28-Aug-2018 04:37,28-Aug-2018 04:37,199.8
29-Aug-2018 05:04,29-Aug-2018 05:04,200.2
29-Aug-2018 05:04,29-Aug-2018 05:04,200.2
29-Aug-2018 05:04,29-Aug-2018 05:04,200.2
30-Aug-2018 06:26,30-Aug-2018 06:26,198.5
01-Sep-2018 12:44,01-Sep-2018 12:44,199.0
02-Sep-2018 05:59,02-Sep-2018 05:59,202.4
02-Sep-2018 17:04,02-Sep-2018 17:04,205.0
06-Sep-2018 03:38,06-Sep-2018 03:38,200.8
06-Sep-2018 03:38,06-Sep-2018 03:38,200.8
06-Sep-2018 03:40,06-Sep-2018 03:40,200.6
14-Sep-2018 05:31,14-Sep-2018 05:31,202.0
18-Sep-2018 05:11,18-Sep-2018 05:11,202.8
18-Sep-2018 05:11,18-Sep-2018 05:11,202.8
21-Sep-2018 05:08,21-Sep-2018 05:08,202.2
22-Sep-2018 08:20,22-Sep-2018 08:20,200.0
24-Sep-2018 05:01,24-Sep-2018 05:01,203.4
24-Sep-2018 05:03,24-Sep-2018 05:03,203.2
24-Sep-2018 05:05,24-Sep-2018 05:05,203.0
26-Sep-2018 07:30,26-Sep-2018 07:30,205.0
28-Sep-2018 05:10,28-Sep-2018 05:10,202.0
03-Oct-2018 06:35,03-Oct-2018 06:35,201.2
04-Oct-2018 04:53,04-Oct-2018 04:53,202.0
06-Oct-2018 04:49,06-Oct-2018 04:49,202.0
08-Oct-2018 05:19,08-Oct-2018 05:19,205.0
14-Oct-2018 05:23,14-Oct-2018 05:23,205.0
14-Oct-2018 05:23,14-Oct-2018 05:23,205.0
15-Oct-2018 06:16,15-Oct-2018 06:16,202.0
16-Oct-2018 06:37,16-Oct-2018 06:37,201.2
17-Oct-2018 04:21,17-Oct-2018 04:21,201.6
19-Oct-2018 06:00,19-Oct-2018 06:00,200.4
22-Oct-2018 07:00,22-Oct-2018 07:00,202.6
23-Oct-2018 05:53,23-Oct-2018 05:53,202.0
25-Oct-2018 08:08,25-Oct-2018 08:08,200.8
26-Oct-2018 04:55,26-Oct-2018 04:55,201.0
29-Oct-2018 04:12,29-Oct-2018 04:12,201.8
30-Oct-2018 05:25,30-Oct-2018 05:25,203.0
31-Oct-2018 05:12,31-Oct-2018 05:12,202.0
01-Nov-2018 05:05,01-Nov-2018 05:05,202.0
02-Nov-2018 05:03,02-Nov-2018 05:03,202.0
05-Nov-2018 04:54,05-Nov-2018 04:54,203.0
17-Nov-2018 05:45,17-Nov-2018 05:45,202.0
18-Nov-2018 06:10,18-Nov-2018 06:10,204.0
19-Nov-2018 06:13,19-Nov-2018 06:13,202.8
20-Nov-2018 05:08,20-Nov-2018 05:08,202.8
21-Nov-2018 05:13,21-Nov-2018 05:13,203.4
21-Nov-2018 05:15,21-Nov-2018 05:15,202.8
26-Nov-2018 04:13,26-Nov-2018 04:13,204.8
27-Nov-2018 04:41,27-Nov-2018 04:41,202.4
28-Nov-2018 05:10,28-Nov-2018 05:10,202.8
29-Nov-2018 06:11,29-Nov-2018 06:11,204.9
30-Nov-2018 06:48,30-Nov-2018 06:48,202.9
04-Dec-2018 04:46,04-Dec-2018 04:46,204.0
05-Dec-2018 05:37,05-Dec-2018 05:37,206.1
06-Dec-2018 05:40,06-Dec-2018 05:40,205.1
07-Dec-2018 06:03,07-Dec-2018 06:03,202.2
08-Dec-2018 09:33,08-Dec-2018 09:33,202.5
10-Dec-2018 05:47,10-Dec-2018 05:47,205.4
12-Dec-2018 05:38,12-Dec-2018 05:38,198.2
13-Dec-2018 05:04,13-Dec-2018 05:04,199.0
14-Dec-2018 05:12,14-Dec-2018 05:12,200.6
15-Dec-2018 05:08,15-Dec-2018 05:08,202.8
18-Dec-2018 05:22,18-Dec-2018 05:22,201.2
18-Dec-2018 05:22,18-Dec-2018 05:22,202.8
19-Dec-2018 06:39,19-Dec-2018 06:39,201.2
21-Dec-2018 05:36,21-Dec-2018 05:36,206.2
24-Dec-2018 05:05,24-Dec-2018 05:05,204.0
26-Dec-2018 05:07,26-Dec-2018 05:07,202.0
27-Dec-2018 06:03,27-Dec-2018 06:03,201.0
28-Dec-2018 07:06,28-Dec-2018 07:06,199.0
29-Dec-2018 06:34,29-Dec-2018 06:34,199.0
07-Jan-2019 08:33,07-Jan-2019 08:33,201.5
07-Jan-2019 17:55,07-Jan-2019 17:55,202.163887695558
08-Jan-2019 05:35,08-Jan-2019 05:35,200.730896447305
09-Jan-2019 04:04,09-Jan-2019 04:04,199.18765052005
10-Jan-2019 05:21,10-Jan-2019 05:21,198.305798107323
11-Jan-2019 05:16,11-Jan-2019 05:16,197.093265757268
12-Jan-2019 06:03,12-Jan-2019 06:03,196.983027898201
13-Jan-2019 05:03,13-Jan-2019 05:03,198.967191621852
14-Jan-2019 05:25,14-Jan-2019 05:25,199.408109418247
15-Jan-2019 06:05,15-Jan-2019 06:05,196.983027898201
16-Jan-2019 05:21,16-Jan-2019 05:21,196.762569000003
16-Jan-2019 05:56,16-Jan-2019 05:56,196.762569000003
21-Jan-2019 05:04,21-Jan-2019 05:04,197.313724655465
22-Jan-2019 05:02,22-Jan-2019 05:02,196.983027898201
23-Jan-2019 06:32,23-Jan-2019 06:32,195.439798790881
24-Jan-2019 05:02,24-Jan-2019 05:02,194.668184237221
24-Jan-2019 05:02,24-Jan-2019 05:02,194.668184237221
25-Jan-2019 07:05,25-Jan-2019 07:05,194.117028581759
26-Jan-2019 07:26,26-Jan-2019 07:26,197.64442141273
27-Jan-2019 06:28,27-Jan-2019 06:28,196.542110101806
28-Jan-2019 05:48,28-Jan-2019 05:48,197.754642451861
29-Jan-2019 05:29,29-Jan-2019 05:29,198.856953762785
30-Jan-2019 05:34,30-Jan-2019 05:34,196.762569000003
31-Jan-2019 05:45,31-Jan-2019 05:45,194.99886417455
01-Feb-2019 06:16,01-Feb-2019 06:16,195.329560931814
01-Feb-2019 06:16,01-Feb-2019 06:16,195.329560931814
03-Feb-2019 04:56,03-Feb-2019 04:56,198.856953762785
04-Feb-2019 05:02,04-Feb-2019 05:02,198.41603596639
04-Feb-2019 05:02,04-Feb-2019 05:02,198.41603596639
05-Feb-2019 06:20,05-Feb-2019 06:20,195.550019830012
05-Feb-2019 06:20,05-Feb-2019 06:20,195.550019830012
06-Feb-2019 05:01,06-Feb-2019 05:01,194.557946378154
07-Feb-2019 04:59,07-Feb-2019 04:59,196.321651203608
08-Feb-2019 06:27,08-Feb-2019 06:27,195.109102033617
09-Feb-2019 05:25,09-Feb-2019 05:25,195.439798790881
11-Feb-2019 05:01,11-Feb-2019 05:01,199.408109418247
11-Feb-2019 05:01,11-Feb-2019 05:01,199.408109418247
12-Feb-2019 06:27,12-Feb-2019 06:27,197.975118169994
12-Feb-2019 06:27,12-Feb-2019 06:27,197.975118169994
13-Feb-2019 05:09,13-Feb-2019 05:09,193.345397208163
14-Feb-2019 05:34,14-Feb-2019 05:34,193.124938309966
15-Feb-2019 05:08,15-Feb-2019 05:08,192.904479411768
16-Feb-2019 06:30,16-Feb-2019 06:30,194.337487479957
19-Feb-2019 05:49,19-Feb-2019 05:49,192.022626999041
20-Feb-2019 06:05,20-Feb-2019 06:05,191.581709202646
21-Feb-2019 05:42,21-Feb-2019 05:42,191.581709202646
21-Feb-2019 05:42,21-Feb-2019 05:42,191.581709202646
25-Feb-2019 05:57,25-Feb-2019 05:57,197.423962514532
25-Feb-2019 05:57,25-Feb-2019 05:57,197.423962514532
26-Feb-2019 05:37,26-Feb-2019 05:37,195.990954446343
26-Feb-2019 05:37,26-Feb-2019 05:37,195.990954446343
27-Feb-2019 06:33,27-Feb-2019 06:33,192.463561615372
27-Feb-2019 06:33,27-Feb-2019 06:33,192.463561615372
12-Mar-2019 07:13,12-Mar-2019 07:13,197.64442141273
13-Mar-2019 06:50,13-Mar-2019 06:50,195.880716587277
14-Mar-2019 06:53,14-Mar-2019 06:53,199.18765052005
14-Mar-2019 06:53,14-Mar-2019 06:53,199.18765052005
15-Mar-2019 05:20,15-Mar-2019 05:20,198.195577068192
18-Mar-2019 05:04,18-Mar-2019 05:04,198.085339209125
18-Mar-2019 05:04,18-Mar-2019 05:04,198.085339209125
19-Mar-2019 07:00,19-Mar-2019 07:00,198.195577068192
20-Mar-2019 07:08,20-Mar-2019 07:08,195.660257689079
21-Mar-2019 06:15,21-Mar-2019 06:15,196.542110101806
21-Mar-2019 06:15,21-Mar-2019 06:15,196.542110101806
24-Mar-2019 06:33,24-Mar-2019 06:33,200.510420729172
24-Mar-2019 06:33,24-Mar-2019 06:33,200.510420729172
26-Mar-2019 05:44,26-Mar-2019 05:44,197.64442141273
26-Mar-2019 05:44,26-Mar-2019 05:44,197.64442141273
28-Mar-2019 07:02,28-Mar-2019 07:02,197.313724655465
28-Mar-2019 07:02,28-Mar-2019 07:02,197.313724655465
30-Mar-2019 05:19,30-Mar-2019 05:19,196.321651203608
31-Mar-2019 05:11,31-Mar-2019 05:11,198.636494864588
04-Apr-2019 05:43,04-Apr-2019 05:43,195.439798790881
08-Apr-2019 05:08,08-Apr-2019 05:08,200.179740791843
09-Apr-2019 07:23,09-Apr-2019 07:23,198.636494864588
09-Apr-2019 07:23,09-Apr-2019 07:23,198.636494864588
16-Apr-2019 07:12,16-Apr-2019 07:12,198.41603596639
17-Apr-2019 06:02,17-Apr-2019 06:02,198.746732723654
17-Apr-2019 06:03,17-Apr-2019 06:03,198.746732723654
18-Apr-2019 06:58,18-Apr-2019 06:58,197.975118169994
22-Apr-2019 06:02,22-Apr-2019 06:02,201.392273141898
22-Apr-2019 06:03,22-Apr-2019 06:03,201.392273141898
23-Apr-2019 06:28,23-Apr-2019 06:28,199.95926507371
23-Apr-2019 06:28,23-Apr-2019 06:28,199.95926507371
24-Apr-2019 06:32,24-Apr-2019 06:32,197.534183553663
26-Apr-2019 07:17,26-Apr-2019 07:17,195.550019830012
29-Apr-2019 05:05,29-Apr-2019 05:05,196.542110101806
30-Apr-2019 05:03,30-Apr-2019 05:03,198.085339209125
08-May-2019 07:02,08-May-2019 07:02,199.738806175512
20-May-2019 07:16,20-May-2019 07:16,202.053666656427
21-May-2019 07:08,21-May-2019 07:08,201.612732040096
22-May-2019 05:49,22-May-2019 05:49,201.612732040096
23-May-2019 06:04,23-May-2019 06:04,202.60482231189
24-May-2019 06:43,24-May-2019 06:43,200.841117486436
28-May-2019 06:39,28-May-2019 06:39,203.155977967352
29-May-2019 07:21,29-May-2019 07:21,201.83320775823
30-May-2019 05:38,30-May-2019 05:38,202.825281210087
03-Jun-2019 04:55,03-Jun-2019 04:55,204.258289278276
07-Jun-2019 05:00,07-Jun-2019 05:00,206.132215142861
10-Jun-2019 05:59,10-Jun-2019 05:59,208.006141007445
12-Jun-2019 05:23,12-Jun-2019 05:23,207.124288594718
24-Jun-2019 07:18,24-Jun-2019 07:18,210.32100148836
25-Jun-2019 06:04,25-Jun-2019 06:04,209.218690177436
26-Jun-2019 05:04,26-Jun-2019 05:04,208.226599905643
27-Jun-2019 06:15,27-Jun-2019 06:15,209.880066872029
01-Jul-2019 04:23,01-Jul-2019 04:23,212.393335315342
02-Jul-2019 05:45,02-Jul-2019 05:45,212.415386251142
03-Jul-2019 08:05,03-Jul-2019 08:05,210.872157143823
10-Jul-2019 07:37,10-Jul-2019 07:37,209.659607973831
11-Jul-2019 05:31,11-Jul-2019 05:31,211.202853901087
14-Jul-2019 05:34,14-Jul-2019 05:34,212.63584514934
15-Jul-2019 06:01,15-Jul-2019 06:01,210.32100148836
16-Jul-2019 05:31,16-Jul-2019 05:31,210.32100148836
17-Jul-2019 06:48,17-Jul-2019 06:48,208.116378866512
18-Jul-2019 05:05,18-Jul-2019 05:05,209.395064023968
23-Jul-2019 04:48,23-Jul-2019 04:48,210.761919284756
25-Jul-2019 06:05,25-Jul-2019 06:05,210.431222527491
26-Jul-2019 04:48,26-Jul-2019 04:48,213.517697562067
28-Jul-2019 08:07,28-Jul-2019 08:07,210.409188411627
29-Jul-2019 04:26,29-Jul-2019 04:26,212.856320867474
30-Jul-2019 06:53,30-Jul-2019 06:53,212.746083008407
01-Aug-2019 05:20,01-Aug-2019 05:20,212.63584514934
03-Aug-2019 05:20,03-Aug-2019 05:20,213.187000804802
04-Aug-2019 05:54,04-Aug-2019 05:54,215.28140238752
06-Aug-2019 05:13,06-Aug-2019 05:13,212.084689493878
09-Aug-2019 05:15,09-Aug-2019 05:15,214.289312115727
11-Aug-2019 04:43,11-Aug-2019 04:43,212.305165212011
12-Aug-2019 07:11,12-Aug-2019 07:11,211.313074940218
14-Aug-2019 04:25,14-Aug-2019 04:25,212.194927352945
16-Aug-2019 04:11,16-Aug-2019 04:11,210.100542590163
17-Aug-2019 07:48,17-Aug-2019 07:48,211.643771697482
18-Aug-2019 05:53,18-Aug-2019 05:53,211.533533838416
20-Aug-2019 05:08,20-Aug-2019 05:08,211.313074940218
03-Sep-2019 06:00,03-Sep-2019 06:00,214.179091076596
04-Sep-2019 03:56,04-Sep-2019 03:56,213.407476522936
05-Sep-2019 04:34,05-Sep-2019 04:34,211.313074940218
09-Sep-2019 05:07,09-Sep-2019 05:07,19.2904479411768
09-Sep-2019 05:07,09-Sep-2019 05:07,214.068853217529
10-Sep-2019 05:01,10-Sep-2019 05:01,213.187000804802
12-Sep-2019 05:01,12-Sep-2019 05:01,214.950705630256
16-Sep-2019 05:30,16-Sep-2019 05:30,214.840467771189
18-Sep-2019 05:19,18-Sep-2019 05:19,211.423312799285
19-Sep-2019 03:33,19-Sep-2019 03:33,210.982378182954
20-Sep-2019 05:12,20-Sep-2019 05:12,210.32100148836
20-Sep-2019 07:51,20-Sep-2019 07:51,210.32100148836
21-Sep-2019 04:34,21-Sep-2019 04:34,210.100542590163
23-Sep-2019 04:01,23-Sep-2019 04:01,213.297238663869
24-Sep-2019 05:18,24-Sep-2019 05:18,210.541460386558
28-Sep-2019 03:42,28-Sep-2019 03:42,208.887993420172
29-Sep-2019 05:04,29-Sep-2019 05:04,210.409188411627
30-Sep-2019 04:44,30-Sep-2019 04:44,212.305165212011
13-Oct-2019 05:15,13-Oct-2019 05:15,213.187000804802
23-Oct-2019 06:41,23-Oct-2019 06:41,209.328911216567
24-Oct-2019 05:31,24-Oct-2019 05:31,209.769845832898
12-Nov-2019 05:05,12-Nov-2019 05:05,213.0
14-Nov-2019 19:24,14-Nov-2019 19:24,215.0
15-Nov-2019 05:29,15-Nov-2019 05:29,211.86423059568
15-Nov-2019 05:29,15-Nov-2019 05:29,211.86423059568
18-Nov-2019 05:04,18-Nov-2019 05:04,213.517697562067
20-Nov-2019 06:42,20-Nov-2019 06:42,212.084689493878
21-Nov-2019 06:19,21-Nov-2019 06:19,211.09261604202
27-Nov-2019 05:20,27-Nov-2019 05:20,211.643771697482
29-Nov-2019 06:16,29-Nov-2019 06:16,215.28140238752
04-Dec-2019 05:26,04-Dec-2019 05:26,214.620008872991
11-Dec-2019 05:44,11-Dec-2019 05:44,214.840467771189
12-Dec-2019 05:17,12-Dec-2019 05:17,214.840467771189
12-Dec-2019 05:17,12-Dec-2019 05:17,214.840467771189
15-Dec-2019 05:10,15-Dec-2019 05:10,214.840467771189
15-Dec-2019 05:10,15-Dec-2019 05:10,214.840467771189
17-Dec-2019 06:48,17-Dec-2019 06:48,213.076779765671
19-Dec-2019 06:20,19-Dec-2019 06:20,214.179091076596
20-Dec-2019 05:33,20-Dec-2019 05:33,213.627935421134
23-Dec-2019 05:04,23-Dec-2019 05:04,214.399549974793
26-Dec-2019 05:30,26-Dec-2019 05:30,218.037180664831
27-Dec-2019 05:00,27-Dec-2019 05:00,215.28140238752
28-Dec-2019 04:58,28-Dec-2019 04:58,215.722320183916
29-Dec-2019 05:29,29-Dec-2019 05:29,216.493934737575
29-Dec-2019 05:29,29-Dec-2019 05:29,216.493934737575
30-Dec-2019 05:05,30-Dec-2019 05:05,216.163254800247
31-Dec-2019 05:15,31-Dec-2019 05:15,215.501861285718
01-Jan-2020 05:05,01-Jan-2020 05:05,214.840467771189
02-Jan-2020 05:04,02-Jan-2020 05:04,213.627935421134
03-Jan-2020 07:08,03-Jan-2020 07:08,211.313074940218
03-Jan-2020 08:17,03-Jan-2020 08:17,210.541460386558
04-Jan-2020 04:58,04-Jan-2020 04:58,211.533533838416
05-Jan-2020 05:30,05-Jan-2020 05:30,214.289312115727
05-Jan-2020 05:30,05-Jan-2020 05:30,214.289312115727
06-Jan-2020 05:24,06-Jan-2020 05:24,215.391623426651
07-Jan-2020 05:24,07-Jan-2020 05:24,212.305165212011
07-Jan-2020 05:25,07-Jan-2020 05:25,212.305165212011
08-Jan-2020 05:50,08-Jan-2020 05:50,213.627935421134
09-Jan-2020 05:21,09-Jan-2020 05:21,212.856320867474
10-Jan-2020 05:03,10-Jan-2020 05:03,213.187000804802
12-Jan-2020 05:13,12-Jan-2020 05:13,216.05301694118
13-Jan-2020 05:02,13-Jan-2020 05:02,215.060943489322
14-Jan-2020 05:11,14-Jan-2020 05:11,213.407476522936
15-Jan-2020 05:39,15-Jan-2020 05:39,212.415386251142
16-Jan-2020 06:05,16-Jan-2020 06:05,212.194927352945
17-Jan-2020 05:13,17-Jan-2020 05:13,214.068853217529
18-Jan-2020 03:12,18-Jan-2020 03:12,214.179091076596
19-Jan-2020 05:23,19-Jan-2020 05:23,218.698557359424
20-Jan-2020 05:10,20-Jan-2020 05:10,217.926942805764
21-Jan-2020 04:59,21-Jan-2020 04:59,212.746083008407
22-Jan-2020 04:21,22-Jan-2020 04:21,211.974468454747
23-Jan-2020 04:36,23-Jan-2020 04:36,213.076779765671
24-Jan-2020 06:05,24-Jan-2020 06:05,214.399549974793
25-Jan-2020 05:51,25-Jan-2020 05:51,215.612099144785
28-Jan-2020 07:16,28-Jan-2020 07:16,212.746083008407
28-Jan-2020 07:18,28-Jan-2020 07:18,212.194927352945
29-Jan-2020 06:03,29-Jan-2020 06:03,210.982378182954
30-Jan-2020 04:52,30-Jan-2020 04:52,214.399549974793
01-Feb-2020 05:04,01-Feb-2020 05:04,216.05301694118
04-Feb-2020 05:34,04-Feb-2020 05:34,216.82463149484
06-Feb-2020 04:52,06-Feb-2020 04:52,216.82463149484
07-Feb-2020 06:00,07-Feb-2020 06:00,215.171164528453
12-Feb-2020 07:07,12-Feb-2020 07:07,212.525624110209
13-Feb-2020 07:00,13-Feb-2020 07:00,212.084689493878
14-Feb-2020 05:00,14-Feb-2020 05:00,214.068853217529
15-Feb-2020 04:55,15-Feb-2020 04:55,215.28140238752
16-Feb-2020 08:24,16-Feb-2020 08:24,215.28140238752
21-Feb-2020 07:55,21-Feb-2020 07:55,212.746083008407
23-Feb-2020 05:23,23-Feb-2020 05:23,216.05301694118
24-Feb-2020 04:59,24-Feb-2020 04:59,215.391623426651
02-Mar-2020 06:52,02-Mar-2020 06:52,214.620008872991
03-Mar-2020 05:50,03-Mar-2020 05:50,217.045090393038
04-Mar-2020 05:03,04-Mar-2020 05:03,217.706483907567
05-Mar-2020 06:19,05-Mar-2020 06:19,217.265566111171
12-Mar-2020 07:24,12-Mar-2020 07:24,215.391623426651
13-Mar-2020 11:56,13-Mar-2020 11:56,222.005491292197
13-Mar-2020 11:56,13-Mar-2020 11:56,222.005491292197
13-Mar-2020 11:58,13-Mar-2020 11:58,222.005491292197
13-Mar-2020 11:58,13-Mar-2020 11:58,222.005491292197
14-Mar-2020 08:10,14-Mar-2020 08:10,213.076779765671
14-Mar-2020 08:11,14-Mar-2020 08:11,213.738156460264
14-Mar-2020 08:11,14-Mar-2020 08:11,213.738156460264
14-Mar-2020 08:13,14-Mar-2020 08:13,213.517697562067
14-Mar-2020 08:13,14-Mar-2020 08:13,213.517697562067
14-Mar-2020 08:16,14-Mar-2020 08:16,213.517697562067
14-Mar-2020 08:16,14-Mar-2020 08:16,213.517697562067
14-Mar-2020 08:16,14-Mar-2020 08:16,213.517697562067
14-Mar-2020 08:16,14-Mar-2020 08:16,213.517697562067
15-Mar-2020 07:47,15-Mar-2020 07:47,214.289312115727
15-Mar-2020 07:47,15-Mar-2020 07:47,214.289312115727
15-Mar-2020 07:47,15-Mar-2020 07:47,214.289312115727
15-Mar-2020 07:47,15-Mar-2020 07:47,214.289312115727
16-Mar-2020 05:03,16-Mar-2020 05:03,213.407476522936
18-Mar-2020 07:42,18-Mar-2020 07:42,217.816721766633
21-Mar-2020 05:04,21-Mar-2020 05:04,217.706483907567
31-Mar-2020 08:17,31-Mar-2020 08:17,215.612099144785
01-Apr-2020 05:03,01-Apr-2020 05:03,216.934869353907
16-Apr-2020 05:03,16-Apr-2020 05:03,215.722320183916
19-Apr-2020 05:21,19-Apr-2020 05:21,219.029254116689
19-Apr-2020 12:07,19-Apr-2020 12:07,219.359950873953
19-Apr-2020 12:07,19-Apr-2020 12:07,219.359950873953
19-Apr-2020 12:11,19-Apr-2020 12:11,219.359950873953
19-Apr-2020 12:11,19-Apr-2020 12:11,219.359950873953
19-Apr-2020 12:12,19-Apr-2020 12:12,219.359950873953
19-Apr-2020 12:12,19-Apr-2020 12:12,219.359950873953
19-Apr-2020 12:12,19-Apr-2020 12:12,219.359950873953
19-Apr-2020 12:12,19-Apr-2020 12:12,219.359950873953
19-Apr-2020 12:13,19-Apr-2020 12:13,219.359950873953
19-Apr-2020 12:13,19-Apr-2020 12:13,219.359950873953
19-Apr-2020 12:13,19-Apr-2020 12:13,219.359950873953
19-Apr-2020 12:13,19-Apr-2020 12:13,219.359950873953
19-Apr-2020 12:13,19-Apr-2020 12:13,219.359950873953
19-Apr-2020 12:13,19-Apr-2020 12:13,219.359950873953
19-Apr-2020 12:16,19-Apr-2020 12:16,219.690647631218
19-Apr-2020 12:16,19-Apr-2020 12:16,219.690647631218
20-Apr-2020 05:57,20-Apr-2020 05:57,217.155328252104
20-Apr-2020 05:57,20-Apr-2020 05:57,217.155328252104
11-May-2020 06:42,11-May-2020 06:42,218.147401703962
11-May-2020 06:42,11-May-2020 06:42,218.147401703962
22-Jun-2020 05:05,22-Jun-2020 05:05,226.0
22-Jun-2020 05:05,22-Jun-2020 05:05,226.0
20-Jul-2020 06:23,20-Jul-2020 06:23,221.344114597604
20-Jul-2020 06:29,20-Jul-2020 06:29,222.0
22-Jul-2020 08:43,22-Jul-2020 08:43,221.785032394
22-Jul-2020 08:43,22-Jul-2020 08:43,221.785032394
23-Jul-2020 05:47,23-Jul-2020 05:47,222.446425908529
31-Jul-2020 07:09,31-Jul-2020 07:09,224.871507428575
31-Jul-2020 07:10,31-Jul-2020 07:10,226.414736535895
03-Aug-2020 17:28,03-Aug-2020 17:28,223.107802603122
03-Aug-2020 17:30,03-Aug-2020 17:30,223.107802603122
04-Aug-2020 09:28,04-Aug-2020 09:28,223.107802603122
19-Aug-2020 12:30,19-Aug-2020 12:30,223.0
20-Aug-2020 05:17,20-Aug-2020 05:17,223.328278321255
20-Aug-2020 05:18,20-Aug-2020 05:18,224.43058963218
30-Aug-2020 07:05,30-Aug-2020 07:05,230.383063983197
07-Sep-2020 07:08,07-Sep-2020 07:08,227.517047846819
12-Sep-2020 07:05,12-Sep-2020 07:05,230.823981779593
14-Sep-2020 05:03,14-Sep-2020 05:03,228.178441361348
14-Sep-2020 05:04,14-Sep-2020 05:04,228.398903623533
18-Sep-2020 06:01,18-Sep-2020 06:01,227.076130050424
19-Sep-2020 05:01,19-Sep-2020 05:01,229.060293774075
19-Sep-2020 05:01,19-Sep-2020 05:01,229.060293774075
20-Sep-2020 05:02,20-Sep-2020 05:02,229.942139458827
21-Sep-2020 05:46,21-Sep-2020 05:46,227.517047846819
22-Sep-2020 04:04,22-Sep-2020 04:04,227.737516836979
24-Sep-2020 04:56,24-Sep-2020 04:56,228.398903623533
24-Sep-2020 13:23,24-Sep-2020 13:23,227.076130050424
25-Sep-2020 05:23,25-Sep-2020 05:23,227.076130050424
26-Sep-2020 05:05,26-Sep-2020 05:05,226.635212254028
26-Sep-2020 05:06,26-Sep-2020 05:06,226.635205526054
27-Sep-2020 05:04,27-Sep-2020 05:04,229.721677196642
28-Sep-2020 06:12,28-Sep-2020 06:12,229.721677196642
29-Sep-2020 05:14,29-Sep-2020 05:14,225.753359841302
29-Sep-2020 05:15,29-Sep-2020 05:15,225.753356477315
30-Sep-2020 05:02,30-Sep-2020 05:02,226.194277637697
30-Sep-2020 16:13,30-Sep-2020 16:13,230.383063983197
01-Oct-2020 04:36,01-Oct-2020 04:36,227.737523564953
01-Oct-2020 08:14,01-Oct-2020 08:14,230.383063983197
02-Oct-2020 05:00,02-Oct-2020 05:00,228.398900259546
03-Oct-2020 06:07,03-Oct-2020 06:07,228.839834875877
04-Oct-2020 08:31,04-Oct-2020 08:31,230.383063983197
05-Oct-2020 06:22,05-Oct-2020 06:22,228.619359157744
06-Oct-2020 05:05,06-Oct-2020 05:05,229.721677196642
07-Oct-2020 05:03,07-Oct-2020 05:03,229.50121157047
07-Oct-2020 07:12,07-Oct-2020 07:12,230.0
08-Oct-2020 04:53,08-Oct-2020 04:53,230.603522881395
08-Oct-2020 04:58,08-Oct-2020 04:58,230.6
12-Oct-2020 05:15,12-Oct-2020 05:15,228.6
13-Oct-2020 05:07,13-Oct-2020 05:07,227.296588948622
13-Oct-2020 05:08,13-Oct-2020 05:08,227.296588948622
13-Oct-2020 05:08,13-Oct-2020 05:08,227.296588948622
13-Oct-2020 05:09,13-Oct-2020 05:09,227.202331345388
14-Oct-2020 06:33,14-Oct-2020 06:33,227.517047846819
14-Oct-2020 06:33,14-Oct-2020 06:33,227.517047846819
14-Oct-2020 11:40,14-Oct-2020 11:40,226.635212254028
15-Oct-2020 03:52,15-Oct-2020 03:52,226.4
16-Oct-2020 06:29,16-Oct-2020 06:29,229.50121157047
17-Oct-2020 04:32,17-Oct-2020 04:32,227.737523564953
19-Oct-2020 05:12,19-Oct-2020 05:12,227.957982463151
20-Oct-2020 05:42,20-Oct-2020 05:42,229.060290410088
21-Oct-2020 05:22,21-Oct-2020 05:22,227.517047846819
22-Oct-2020 05:49,22-Oct-2020 05:49,226.855671152226
22-Oct-2020 06:34,22-Oct-2020 06:34,226.855671152226
23-Oct-2020 05:26,23-Oct-2020 05:26,227.076130050424
24-Oct-2020 05:05,24-Oct-2020 05:05,227.737516836979
